bin_pred_mean,bin_true_rate
0.1916881316931468,0.19333333333333333
0.22903423637736683,0.2733333333333333
0.25803437490698317,0.26
0.28965332603704896,0.30666666666666664
0.3186023347948555,0.2833333333333333
0.3467102320673136,0.29333333333333333
0.3765673883081039,0.39
0.4087379344163507,0.4
0.45688545789792284,0.44333333333333336
0.5608657270654789,0.5666666666666667
