prior_no_show_count,no_show,no_show_rate
0,0.2811066725847019,28.11
1,0.378228179143511,37.82
2,0.44938271604938274,44.94
3,0.5248380129589633,52.48
4,0.6304347826086957,63.04
5,0.8571428571428571,85.71
