deprivation_decile,no_show,no_show_rate
D1,0.31272465851905107,31.27
D2,0.3574468085106383,35.74
D3,0.33614153327716934,33.61
D4,0.33985330073349634,33.99
D5,0.3402662229617304,34.03
D6,0.3486005089058524,34.86
D7,0.3304794520547945,33.05
D8,0.3425774877650897,34.26
D9,0.3429636533084809,34.3
D10,0.3643344709897611,36.43
